<?xml version="1.0" encoding="UTF-8"?>
<!DOCTYPE hibernate-configuration PUBLIC
        "-//Hibernate/Hibernate Configuration DTD 3.0//EN"
        "http://www.hibernate.org/dtd/hibernate-configuration-3.0.dtd">
<!-- Version 8 MySQL hiberante-cfg.xml example for Hibernate 5 -->
<hibernate-configuration>
    <session-factory>
        <property name="connection.driver_class">com.mysql.cj.jdbc.Driver</property>
        <!--property name="connection.driver_class">org.h2.Driver</property-->
        <property name="hibernate.connection.url">jdbc:mysql://localhost:3306/gu</property>
        <!--property name="hibernate.connection.url">jdbc:h2:mem:test</property-->
        <property name="hibernate.connection.username">root</property>
        <property name="hibernate.connection.password">password</property>
        <property name="connection.pool_size">3</property>
        <property name="hibernate.dialect">org.hibernate.dialect.MySQLDialect</property>
        <!--property name="hibernate.dialect">org.hibernate.dialect.H2Dialect</property-->
        <property name="hibernate.show_sql">false</property>
        <property name="hibernate.format_sql">false</property>
        <property name="hibernate.hbm2ddl.auto">update</property>

        <mapping class="org.CustomerManager.Model.Customer" />
        <mapping class="org.CustomerManager.Model.Address" />
        <mapping class="org.CustomerManager.Model.Arena" />
        <mapping class="org.CustomerManager.Model.Concert" />
        <mapping class="org.CustomerManager.Model.Wc" />
    </session-factory>
</hibernate-configuration>